1,Aron,Tompson,#60 St Germain Street,Emma Tompson,Jimmy Tompson,8888888888,Sat Nov 23 00:00:00 EST 2019,Tue Jun 23 00:00:00 EDT 2015
2,Jacob,George,#60 St Germain Street,Isabella George,Sally George,8888888888,Sat Nov 23 00:00:00 EST 2019,Tue Aug 23 00:00:00 EDT 2016
3,Ethan,Edwen,#60 St Germain Street,Madison Edwen,Lizzy Edwen,8888888888,Sat Nov 23 00:00:00 EST 2019,Wed Nov 23 00:00:00 EST 2016
4,Joshua,James,#60 St Germain Street,Olivia James,Markie James,8888888888,Sat Nov 23 00:00:00 EST 2019,Fri Dec 23 00:00:00 EST 2016
5,Alexander,Dep,#60 St Germain Street,Mia Dep,Johnny Dep,8888888888,Sat Nov 23 00:00:00 EST 2019,Wed Mar 23 00:00:00 EDT 2016
6,Christopher,Higgins,#60 St Germain Street,Elizabeth Higgins,Bobby Higgins,8888888888,Sat Nov 23 00:00:00 EST 2019,Mon May 23 00:00:00 EDT 2016
7,Jayden,Hill,#60 St Germain Street,Addison Hill,Billy Hill,8888888888,Sat Nov 23 00:00:00 EST 2019,Mon Jul 23 00:00:00 EDT 2018
8,Ryan,Jane,#60 St Germain Street,Alyssa Jane,Evie Jane,8888888888,Sat Nov 23 00:00:00 EST 2019,Sun Jul 23 00:00:00 EDT 2017
9,John,Smith,#60 St Germain Street,Hannah Smith,Becky Smith,8888888888,Sat Nov 23 00:00:00 EST 2019,Wed Aug 23 00:00:00 EDT 2017
10,Logan,Christin,#60 St Germain Street,Alexis Christin,Jessie Christin,8888888888,Sat Nov 23 00:00:00 EST 2019,Sat Dec 23 00:00:00 EST 2017
11,Elijah,Chan,#60 St Germain Street,Alyssa Chan,Jackie Chan,8888888888,Sat Nov 23 00:00:00 EST 2019,Wed May 23 00:00:00 EDT 2018
12,Jonathan,Florance,#60 St Germain Street,Ashley Florance,Laurie Florance,8888888888,Sat Nov 23 00:00:00 EST 2019,Tue Jan 23 00:00:00 EST 2018
13,Samuel,Methew,#60 St Germain Street,Ella Methew,Cathey Methew,8888888888,Sat Nov 23 00:00:00 EST 2019,Sat Jun 23 00:00:00 EDT 2018
14,Jack,Tompson,#60 St Germain Street,Sarah Tompson,Millie Tompson,8888888888,Sat Nov 23 00:00:00 EST 2019,Sat Aug 23 00:00:00 EDT 2014
15,William,Jesus,#60 St Germain Street,Taylor Jesus,Ruthie Jesus,8888888888,Sat Nov 23 00:00:00 EST 2019,Mon Jul 23 00:00:00 EDT 2018
16,James,Mart,#60 St Germain Street,Grace Mart,Stanley Mart,8888888888,Sat Nov 23 00:00:00 EST 2019,Thu Aug 23 00:00:00 EDT 2018
17,Tyler,Mandery,#60 St Germain Street,Lily Mandery,Mary Mandery,8888888888,Sat Nov 23 00:00:00 EST 2019,Fri Nov 23 00:00:00 EST 2018
18,Luke,Johns,#60 St Germain Street,Kylie Johns,Annie Johns,8888888888,Sat Nov 23 00:00:00 EST 2019,Sat Aug 23 00:00:00 EDT 2014
19,Connor,Karren,#60 St Germain Street,Brooke Karren,Karlly Karren,8888888888,Sat Nov 23 00:00:00 EST 2019,Sun Dec 23 00:00:00 EST 2018
20,Kiran,Ramesh,#60 St Germain,Ramesh,Subhashini,1234567890,Sat Nov 23 00:00:00 EST 2019,Fri Dec 11 00:00:00 EST 2015
